!!!!!ΣΗΜΑΝΤΙΚΑ!!!!!,,,,,,,,
1)  ΔΙΑΒΑΣΤΕ ΠΡΟΣΕΚΤΙΚΑ ΤΑ ΠΑΡΑΚΑΤΩ,,,,,,,,
"2) Το αρχείο πρέπει να έχει ΥΠΟΧΡΕΩΤΙΚΑ όνομα WinterSemesterκαι να είναι  Υπολογιστικό Φύλλο .csv διαχωρισμένο με ','(ΚΟΜΜΑ) στην εξαγωγή του αρχείου και UTF-8  κωδικοποίηση",,,,,,,,
"3) όταν κάνετε εξαγωγή, σιγουρευτείτε ότι το αρχείο ονομάζεται WinterSemester.csv (το .csv μπορεί να μην φαίνεται αλλά αυτήν την κατάληξη θα έχει το αρχείο).",,,,,,,,
"4) Οι ΚΩΔΙΚΟΙ ΜΑΘΗΜΑΤΟΣ (π.χ. ΗΥ-100), το ΗΥ να γράφεται με ελληνικούς χαρακτήρες και να έχει -(παύλα) στην μέση, ανάμεσα στα γράμματα και τους αριθμούς, ΧΩΡΙΣ κενό",,,,,,,,
5) ΔΕΝ ΑΛΛΑΖΟΥΜΕ ΤΗΝ ΣΕΙΡΑ ΤΩΝ ΣΤΗΛΩΝ,,,,,,,,
"6) Στα ΑΜΦΙΘΕΑΤΡΑ (π.χ. ΑΜΦ ΣΟ) γράφουμε με ελληνικούς χαρακτήρες ΑΜΦ, μετά κενό και μετά ΣΟ ή Α, με κεφαλαία.",,,,,,,,
"7) Οποιαδήποτε άλλη πληροφορία στην ημέρα, (π.χ. (ΦΡΟΝΤ)) γράφεται μετά την αναφορά της αίθουσας που θα γίνει κάποιο μάθημα, π.χ. ΑΜΦ ΣΟ (ΦΡΟΝΤ), με κενό μετά την αίθουσα",,,,,,,,
"8) Οι Υπόλοιπες αίθουσες διδασκαλίας, π.χ. Η.204, το γράμμα να είναι στα ελληνικά, μετά .(τελεία) και μετά ο αριθμός της αίθουσας, όλα κολλητά, χωρίς κενά",,,,,,,,
"9)Πάντα ελέγχουμε όταν κάνουμε αλλαγές, μετά από ένα 5-10λεπτο, ότι οι αλλαγές ανανεώθηκαν στην ιστοσελίδα και δεν υπάρχουν προβλήματα (Εννοείται ελέγχουμε μετά το ανέβασμα του αρχείου στο repository)",,,,,,,,
10) Ελέγχουμε το μενού με το πρόγραμμα του συγκεκριμένου εξαμήνου αν ανανεώθηκαν σωστά οι τιμές.,,,,,,,,
11) Ελέγχουμε ότι το αρχείο δεν έχει παράξενα σύμβολα μετά την εξαγωγή,,,,,,,,
12) ΔΕΝ ΑΛΛΑΖΟΥΜΕ ΠΡΙΝ ΚΑΙ ΤΗΝ ΓΡΑΜΜΗ 18. Επεξεργασία στις γραμμές από την ΓΡΑΜΜΗ 19 και κάτω.,,,,,,,,
13) ΔΕΝ αλλάζουμε την Γραμμή 18 - Κατηγορίες Στηλών,,,,,,,,
14) Κάνουμε εξαγωγή αρχείο CSV-Υπολογιστικό Φύλλο με UTF-8,,,,,,,,
"15) ΥΠΟΧΡΕΩΤΙΚΑ διαχωρισμένο με ','(ΚΟΜΜΑ): Εξαγωγή/Αποθήκευση Ως CSV UTF-8 (Comma delimited)",,,,,,,,
16) Το αρχείο πρέπει να είναι CSV και η τελική του ονομασία να είναι                           WinterSemester.csv (το.csv μπορεί να μην φαίνεται αλλά αυτήν την κατάληξη θα έχει το αρχείο).,,,,,,,,
Κωδικός Μαθήματος,Σύνδεσμος Μαθήματος,Όνομα Μαθήματος,Επώνυμο Καθηγητή,Δευτέρα,Τρίτη,Τετάρτη,Πέμπτη,Παρασκευή
ΗΥ-100,http://www.csd.uoc.gr/CSD/index.jsp?content=courses_catalog_new&openmenu=demoAcc3&lang=gr&course=1,Εισαγωγή στην Επιστήμη Υπολογιστών,ΠΡΑΤΙΚΑΚΗΣ,,9-11 ΑΜΦ ΣΟ,,9-11 ΑΜΦ ΣΟ,1-3 ΑΜΦ ΣΟ (ΦΡΟΝΤ)
ΗΥ-108,http://www.csd.uoc.gr/CSD/index.jsp?content=courses_catalog_new&openmenu=demoAcc3&lang=gr&course=2,Αγγλικά Ι,ΡΙΖΟΠΟΥΛΟΥ,,3-5 ΑΜΦ Α ,1-3 ΑΜΦ Α,,
ΗΥ-110,http://www.csd.uoc.gr/CSD/index.jsp?content=courses_catalog_new&openmenu=demoAcc3&lang=gr&course=4,Απειροστικός Λογισμός Ι,ΤΣΑΓΚΑΤΑΚΗΣ,,11-1 ΑΜΦ ΣΟ,,11-1 ΑΜΦ ΣΟ,3-5 ΑΜΦ ΣΟ (ΦΡΟΝΤ)
ΗΥ-112,http://www.csd.uoc.gr/CSD/index.jsp?content=courses_catalog_new&openmenu=demoAcc3&lang=gr&course=6,Φυσική Ι,ΚΑΦΕΝΤΖΗΣ,9-11 ΑΜΦ ΣΟ,,9-11 ΑΜΦ ΣΟ,,9-11 ΑΜΦ ΣΟ (ΦΡΟΝΤ)
ΗΥ-119,http://www.csd.uoc.gr/CSD/index.jsp?content=courses_catalog_new&openmenu=demoAcc3&lang=gr&course=8,Γραμμική Άλγεβρα,ΚΟΜΟΝΤΑΚΗΣ,3-5 ΑΜΦ ΣΟ,,,3-5 ΑΜΦ ΣΟ,5-7 ΑΜΦ ΣΟ (ΦΡΟΝΤ)
ΗΥ-120,http://www.csd.uoc.gr/CSD/index.jsp?content=courses_catalog_new&openmenu=demoAcc3&lang=gr&course=9,Ψηφιακή Σχεδίαση,ΚΑΤΕΒΑΙΝΗΣ,11-1 ΑΜΦ ΣΟ,,11-1 ΑΜΦ ΣΟ,,11-1 ΑΜΦ ΣΟ
ΗΥ-208,http://www.csd.uoc.gr/CSD/index.jsp?content=courses_catalog_new&openmenu=demoAcc3&lang=gr&course=12,Αγγλικά ΙΙΙ,ΡΙΖΟΠΟΥΛΟΥ,,11-1 Η.210,,11-1 Η.210,
ΗΥ-217,http://www.csd.uoc.gr/CSD/index.jsp?content=courses_catalog_new&openmenu=demoAcc3&lang=gr&course=15,Πιθανότητες,ΤΣΑΚΑΛΙΔΗΣ,9-11 ΑΜΦ Α,,9-11 ΑΜΦ Α,,9-11 ΑΜΦ Α (ΦΡΟΝΤ)
ΗΥ-240,http://www.csd.uoc.gr/CSD/index.jsp?content=courses_catalog_new&openmenu=demoAcc3&lang=gr&course=17,Δομές Δεδομένων,ΚΟΝΔΥΛΑΚΗΣ,,1-3 ΑΜΦ ΣΟ,,1-3 ΑΜΦ ΣΟ,11-1 ΑΜΦ Α (ΦΡΟΝΤ)
ΗΥ-252,http://www.csd.uoc.gr/CSD/index.jsp?content=courses_catalog_new&openmenu=demoAcc3&lang=gr&course=18,Αντικειμενοστρεφής Προγραμματισμός,ΤΖΙΤΖΙΚΑΣ,,9-11 ΑΜΦ Α,,9-11 ΑΜΦ Α,3-5 ΑΜΦ Α (ΦΡΟΝΤ)
ΗΥ-280,http://www.csd.uoc.gr/CSD/index.jsp?content=courses_catalog_new&openmenu=demoAcc3&lang=gr&course=20,Θεωρία Υπολογισμού,ΠΛΕΞΟΥΣΑΚΗΣ / ΒΑΡΣΟΣ,1-3 ΑΜΦ ΣΟ,3-5 ΑΜΦ ΣΟ,,,1-3 Α.113 (ΦΡΟΝΤ)
ΗΥ-330,http://www.csd.uoc.gr/CSD/index.jsp?content=courses_catalog_new&openmenu=demoAcc3&lang=gr&course=79,Εισαγωγή στη Θεωρία των Τηλεπικοινωνιακών Συστημάτων,ΠΑΠΑΔΑΚΗΣ ΣΤ.,9-11 Α.125,,,9-11 Α.125,
ΗΥ-335,http://www.csd.uoc.gr/CSD/index.jsp?content=courses_catalog_new&openmenu=demoAcc3&lang=gr&course=21,Δίκτυα Υπολογιστών,ΠΑΠΑΔΟΠΟΥΛΗ,11-1 ΑΜΦ Α,,11-1 ΑΜΦ Α,,11-1 Α.117 (ΦΡΟΝΤ)
ΗΥ-345,http://www.csd.uoc.gr/CSD/index.jsp?content=courses_catalog_new&openmenu=demoAcc3&lang=gr&course=23,Λειτουργικά Συστήματα,ΜΑΡΚΑΤΟΣ,,5-7 ΑΜΦ Α,,5-7 ΑΜΦ Α,5-7 ΑΜΦ Α (ΦΡΟΝΤ)
ΗΥ-352,http://www.csd.uoc.gr/CSD/index.jsp?content=courses_catalog_new&openmenu=demoAcc3&lang=gr&course=92,Τεχνολογία Λογισμικού,ΣΑΒΒΙΔΗΣ,9-11 Α.121,11-1 Α.125 (ΦΡΟΝΤ),,,9-11 Α.125
ΗΥ-358,http://www.csd.uoc.gr/CSD/index.jsp?content=courses_catalog_new&openmenu=demoAcc3&lang=gr&course=93,Γραφική,ΠΑΠΑΓΙΑΝΝΑΚΗΣ/ΚΑΜΑΡΙΑΝΑΚΗΣ,,5-7 Η.210 (ΦΡΟΝΤ),5-7 Η.210,5-7 Η.210,
ΗΥ-359,http://www.csd.uoc.gr/CSD/index.jsp?content=courses_catalog_new&openmenu=demoAcc3&lang=gr&course=94,Διαδικτυοκεντρικός Προγραμματισμός,ΜΟΥΝΤΑΝΤΩΝΑΚΗΣ,1-3 Α.113,,1-3 Α.113 (ΦΡΟΝΤ),1-3 Α.113,
ΗΥ-360,http://www.csd.uoc.gr/CSD/index.jsp?content=courses_catalog_new&openmenu=demoAcc3&lang=gr&course=24,Αρχεία και Βάσεις Δεδομένων,ΠΛΕΞΟΥΣΑΚΗΣ,3-5 ΑΜΦ Α,,3-5 ΑΜΦ Α,,3-5 Α.113 (ΦΡΟΝΤ)
ΗΥ-370,http://www.csd.uoc.gr/CSD/index.jsp?content=courses_catalog_new&openmenu=demoAcc3&lang=gr&course=80,Ψηφιακή Επεξεργασία Σημάτων,ΣΤΥΛΙΑΝΟΥ,9-11 Α.113 (ΕΡΓ/ΡΙΟ),9-11 Α.113,,9-11 Α.113,
ΗΥ-371,http://www.csd.uoc.gr/CSD/index.jsp?content=courses_catalog_new&openmenu=demoAcc3&lang=gr&course=233,Ψηφιακή Επεξεργασία Εικόνων,ΚΟΜΟΝΤΑΚΗΣ,,3-5 Η.208,3-5 Η.208,,3-5 Α.125 (ΦΡΟΝΤ)
ΗΥ-425,http://www.csd.uoc.gr/CSD/index.jsp?content=courses_catalog_new&openmenu=demoAcc3&lang=gr&course=90,Αρχιτεκτονική Υπολογιστικών Συστημάτων,ΠΑΠΑΕΥΣΤΑΘΙΟΥ,1-3 Η.204,,1-3 Η.204,,1-3 Η.204
ΗΥ-439,http://www.csd.uoc.gr/CSD/index.jsp?content=courses_catalog_new&openmenu=demoAcc3&lang=gr&course=84,Κινητά Υπολογιστικά Συστήματα,ΠΑΠΑΔΟΠΟΥΛΗ,5-7 Η.204,,5-7 Η.204,,5-7 Η.204
ΗΥ-452,http://www.csd.uoc.gr/CSD/index.jsp?content=courses_catalog_new&openmenu=demoAcc3&lang=gr&course=95,Εισαγωγή στην Επιστήμη και την Τεχνολογία των Υπηρεσιών,ΜΑΓΚΟΥΤΗΣ/ΠΙΤΙΚΑΚΗΣ/ΜΠΙΤΣΑΚΗ/ΖΕΓΚΙΝΗΣ,,,3-5 Η.204,,3-5 Η.204
ΗΥ-454,http://www.csd.uoc.gr/CSD/index.jsp?content=courses_catalog_new&openmenu=demoAcc3&lang=gr&course=278,Τεχνολογία Ανάπτυξης Έξυπνων Διεπαφών και Παιχνιδιών,ΣΑΒΒΙΔΗΣ,11-1 Α.121 (ΦΡΟΝΤ),9-11 Α.121,,9-11 Α.121,
ΗΥ-458,http://www.csd.uoc.gr/CSD/index.jsp?content=courses_catalog_new&openmenu=demoAcc3&lang=gr&course=266,Εισαγωγή στην Κρυπτογραφία,ΜΑΡΚΑΤΟΣ/ΜΑΝΙΦΑΒΑΣ,11-1 Α.125,,11-1 Α.125 (ΦΡΟΝΤ),,11-1 Α.125
ΗΥ-459,https://www.csd.uoc.gr/CSD/index.jsp?content=courses_catalog&area_id=6&course=99&lang=gr,Μέτρηση και Εποπτεία του Διαδικτύου,ΔΗΜΗΤΡΟΠΟΥΛΟΣ,3-5 Α.113,,3-5 Α.113,,
ΗΥ-469,http://www.csd.uoc.gr/CSD/index.jsp?content=courses_catalog_new&openmenu=demoAcc3&lang=gr&course=232,Σύγχρονα Θέματα Αλληλεπίδρασης ΑνθρώπουΥπολογιστή,ΛΕΩΝΙΔΗΣ,5-7 Α.113,,5-7 Α.113,,5-7 Α.113 (ΦΡΟΝΤ)
ΗΥ-472,https://www.csd.uoc.gr/CSD/index.jsp?content=courses_catalog&area_id=8&lang=gr&course=107,Υπολογιστική Όραση,ΑΡΓΥΡΟΣ,,1-3 Η.204,,1-3 Η.204,1-3 Ε.311 (ΦΡΟΝΤ)
ΗΥ-484,http://www.csd.uoc.gr/CSD/index.jsp?content=courses_catalog_new&openmenu=demoAcc3&lang=gr&course=113,Δυναμική Πολύπλοκων Δικτύων,ΘΕΣΗ ΔΙΔΑΚΤΙΚΗΣ ΕΜΠΕΙΡΙΑΣ,5-7 Η.206,,5-7 Η.206,,5-7 Η.206 (ΦΡΟΝΤ)
ΗΥ-487,http://www.csd.uoc.gr/CSD/index.jsp?content=courses_catalog_new&openmenu=demoAcc3&lang=gr&course=114,Εισαγωγή στην Τεχνητή Νοημοσύνη,ΤΣΑΜΑΡΔΙΝΟΣ/ΠΙΤΙΚΑΚΗΣ,3-5 Α.121,3-5 Α.121 (ΦΡΟΝΤ),,3-5 Α.121,
ΗΥ-500,http://www.csd.uoc.gr/CSD/index.jsp?content=pg_courses_catalog&openmenu=demoAcc4&lang=gr&course=254,Εισαγωγή στην Ερευνα,ΜΕΛΗ ΔΕΠ ΤΟΥ ΤΜΗΜΑΤΟΣ,,,,11-1 Α.113,
ΗΥ-508,http://www.csd.uoc.gr/CSD/index.jsp?content=pg_courses_catalog&openmenu=demoAcc4&lang=gr&course=256,Τεχνική Συγγραφή στα Αγγλικά,ΡΙΖΟΠΟΥΛΟΥ,,9-11 Η.204,,9-11 Η.204,
ΗΥ-546,http://www.csd.uoc.gr/CSD/index.jsp?content=pg_courses_catalog&openmenu=demoAcc4&lang=gr&course=234,Τύποι και Γλώσσες Προγραμματισμού,ΠΡΑΤΙΚΑΚΗΣ,3-5 Η.206,,3-5 Η.206,,
ΗΥ-559,http://www.csd.uoc.gr/CSD/index.jsp?content=pg_courses_catalog&openmenu=demoAcc4&lang=gr&course=252,Τεχνολογίες Υποδομών για Υπηρεσίες Μεγάλης Κλίμακας,ΜΑΓΚΟΥΤΗΣ,,,,3-5 Η.208,9-11 Η.208
ΗΥ-561,http://www.csd.uoc.gr/CSD/index.jsp?content=pg_courses_catalog&openmenu=demoAcc4&lang=gr&course=223,Διαχείριση Δεδομένων στον Παγκόσμιο Ιστό,ΤΖΙΤΖΙΚΑΣ,,9-11 Η.208,,1-3 Α.125,
ΗΥ-562,http://www.csd.uoc.gr/CSD/index.jsp?content=pg_courses_catalog&openmenu=demoAcc4&lang=gr&course=147,Προχωρημένα Θέματα Βάσεων Δεδομένων,ΚΟΝΔΥΛΑΚΗΣ,1-3 Η.208,,1-3 Η.208,,
ΗΥ-567,http://www.csd.uoc.gr/CSD/index.jsp?content=pg_courses_catalog&openmenu=demoAcc4&lang=gr&course=150,Αναπαράσταση Γνώσης και Συλλογιστική,ΠΛΕΞΟΥΣΑΚΗΣ,,5-7 Η.206,,5-7 Η.206,
ΗΥ-573,http://www.csd.uoc.gr/CSD/index.jsp?content=pg_courses_catalog&openmenu=demoAcc4&lang=gr&course=152,Μέθοδοι βελτιστοποίησης,ΤΣΑΓΚΑΤΑΚΗΣ,1-3 Η.210,,1-3 Η.210,,
ΗΥ-575,https://www.csd.uoc.gr/CSD/index.jsp?content=pg_courses_catalog&course=154&lang=gr,Εργαστήριο Ρομποτικής Πλοήγησης,ΤΡΑΧΑΝΙΑΣ,,3-5 Η.210,,3-5 Η.210,
ΗΥ-577,http://www.csd.uoc.gr/CSD/index.jsp?content=pg_courses_catalog&openmenu=demoAcc4&lang=gr&course=156,Μηχανική Μάθηση,ΤΣΑΜΑΡΔΙΝΟΣ,11-1 Η.204,,11-1 Η.204,,11-1 Η.204 (ΦΡΟΝΤ)
ΗΥ-578,https://www.csd.uoc.gr/CSD/index.jsp?content=pg_courses_catalog&lang=gr&course=157,Επεξεργασία Φωνής,ΣΤΥΛΙΑΝΟΥ,9-11 Η.206,,9-11 Η.206,,
ΗΥ-583,http://www.csd.uoc.gr/CSD/index.jsp?content=pg_courses_catalog&openmenu=demoAcc4&lang=gr&course=159,Αλγόριθμοι Γράφων,ΤΟΛΛΗΣ,,3-5 Η.206,,3-5 Η.206,3-5 Η.206 (ΦΡΟΝΤ)
ΗΥ-590.72,http://www.csd.uoc.gr/CSD/index.jsp?content=pg_courses_catalog&openmenu=demoAcc4&lang=gr&course=274,Introduction to Bioinformatics for Computer Scientists,ΣΤΑΜΑΤΑΚΗΣ,,,,,10:00-12:30 Κ.206
ΗΥ-647,https://www.csd.uoc.gr/CSD/index.jsp?content=pg_courses_catalog&lang=gr&course=268,Σύγχρονα Συστήματα Αποθήκευσης Δεδομένων,ΜΠΙΛΑΣ,5-7 Η.208,,5-7 Η.208,,5-7 Η.208 (ΦΡΟΝΤ)
ΗΥ-672,http://www.csd.uoc.gr/CSD/index.jsp?content=pg_courses_catalog&openmenu=demoAcc4&lang=gr&course=171,Προχωρημένα Θέματα Υπολογιστικής Όρασης,ΑΡΓΥΡΟΣ,,5-7 Ε.311,,5-7 Ε.311,
